PhotoChat.jpg:Humain:Tetechat:Square: [(268,  83),  (498,  283)] :2.7306666666666666
PhotoChat.jpg:Objet:Balle:Circle: [(541,  338),  (699,  460)] :2.7306666666666666
PhotoChat.jpg:Corps:Queue:Free: [(102,  48),  (190,  61),  (192,  122),  (191,  173),  (110,  197),  (128,  114)] :2.7306666666666666
PhotoChat.jpg:Humain:Tetechat2:Square: [(291,  80),  (454,  245)] :2.7306666666666666
